{
  "products": [
    {
      "name": "Red Bench",
      "category": "premium",
      "price": 3.89,
      "currency": "USD",
      "image": {
        "src": "/images/Rectangle 2.png",
        "alt": "Product Cover"
      },
      "bestseller": true,
      "featured": false,
      "details": null
    },
    {
      "name": "Egg Balloon",
      "category": "food",
      "price": 93.89,
      "currency": "USD",
      "image": "/images/Rectangle 2.png",
      "bestseller": false,
      "featured": false,
      "details": null
    },
    {
      "name": "Man",
      "category": "pets",
      "price": 100,
      "currency": "USD",
      "image": {
        "src": "/images/Rectangle 10.png",
        "alt": "Product Cover"
      },
      "bestseller": false,
      "featured": false,
      "details": null
    },
    {
      "name": "Architecture",
      "category": "landmarks",
      "price": 101,
      "currency": "USD",
      "dimmentions": {
        "width": 1020,
        "height": 1020
      },
      "image": "/images/Rectangle 2.png",
      "bestseller": false,
      "featured": false,
      "details": null
    },
    {
      "name": "Egg Balloon",
      "category": "food",
      "price": 93.89,
      "currency": "USD",
      "image": "/images/Rectangle 2.4.png",
      "bestseller": false,
      "featured": false,
      "details": null
    },
    {
      "name": "Man",
      "category": "cities",
      "price": 100,
      "currency": "USD",
      "image": {
        "src": "/images/Rectangle 10.png",
        "alt": "Product Cover"
      },
      "bestseller": false,
      "featured": false,
      "details": null
    },
    {
      "name": "Architecture",
      "category": "nature",
      "price": 101,
      "currency": "USD",
      "dimmentions": {
        "width": 1020,
        "height": 1020
      },
      "image": "/images/Rectangle 2.1.png",
      "bestseller": false,
      "featured": false,
      "details": null
    },
    {
      "name": "Egg Balloon",
      "category": "food",
      "price": 93.89,
      "currency": "USD",
      "image": "/images/Rectangle 2.4.png",
      "bestseller": false,
      "featured": false,
      "details": null
    },
    {
      "name": "Man",
      "category": "people",
      "price": 100,
      "currency": "USD",
      "image": {
        "src": "/images/Rectangle 10.png",
        "alt": "Product Cover"
      },
      "bestseller": false,
      "featured": false,
      "details": null
    },
    {
      "name": "Architecture",
      "category": "nature",
      "price": 101,
      "currency": "USD",
      "dimmentions": {
        "width": 1020,
        "height": 1020
      },
      "image": "/images/Rectangle 2.png",
      "bestseller": false,
      "featured": false,
      "details": null
    },
    {
      "name": "Egg Balloon",
      "category": "food",
      "price": 93.89,
      "currency": "USD",
      "image": "/images/Rectangle 2.1.png",
      "bestseller": false,
      "featured": false,
      "details": null
    },
    {
      "name": "Man",
      "category": "nature",
      "price": 100,
      "currency": "USD",
      "image": {
        "src": "/images/Rectangle 2.4.png",
        "alt": "Product Cover"
      },
      "bestseller": false,
      "featured": false,
      "details": null
    },
    {
      "name": "Architecture",
      "category": "landmarks",
      "price": 101,
      "currency": "USD",
      "dimmentions": {
        "width": 1020,
        "height": 1020
      },
      "image": "/images/Rectangle 2.png",
      "bestseller": false,
      "featured": false,
      "details": null
    },
    {
      "name": "Egg Balloon",
      "category": "food",
      "price": 93.89,
      "currency": "USD",
      "image": "/images/Rectangle 10.png",
      "bestseller": false,
      "featured": false,
      "details": null
    },
    {
      "name": "Man",
      "category": "premium",
      "price": 100,
      "currency": "USD",
      "image": {
        "src": "/images/Rectangle 2.1.png",
        "alt": "Product Cover"
      },
      "bestseller": false,
      "featured": false,
      "details": null
    },
    {
      "name": "Architecture",
      "category": "landmarks",
      "price": 101,
      "currency": "USD",
      "dimmentions": {
        "width": 1020,
        "height": 1020
      },
      "image": "/images/Rectangle 2.png",
      "bestseller": false,
      "featured": false,
      "details": null
    },
    {
      "name": "Samurai King Restling",
      "category": "cities",
      "price": 101,
      "currency": "USD",
      "image": {
        "src": "/images/featured.png",
        "alt": "Featured Image"
      },
      "bestseller": false,
      "featured": true,
      "details": {
        "dimmensions": {
          "width": 1020,
          "height": 1020
        },
        "size": 15000,
        "description": "So how did the classical Latin become so incoherent? According to McClintock, a 15th century typesetter likely scrambled part of Cicero's De Finibus in order to provide placeholder text to mockup various fonts for a type specimen book.So how did the classical Latin become so incoherent? According to McClintock, a 15th century typesetter likely scrambled part of Cicero's De Finibus in order to provide placeholder text to mockup various fonts for a type specimen book.So how did the classical Latin become so incoherent? According to McClintock",
        "recommendations": [
          {
            "src": "/images/Rectangle 10.png",
            "alt": "Recommendation 1"
          },
          {
            "src": "/images/Rectangle 10.png",
            "alt": "Recommendation 2"
          },
          {
            "src": "/images/Rectangle 10.png",
            "alt": "Recommendation 3"
          }
        ]
      }
    }
  ]
}
